{
  "cultural": {
    "n": 34,
    "n_r1": 0,
    "n_r2": 34,
    "base_mean_delta": -0.010046548770163316,
    "inst_mean_delta": -0.01120180370728418,
    "mean_shift": -0.0011552549371208639,
    "wilcoxon_p": 0.20868658612016588
  },
  "general_facts": {
    "n": 39,
    "n_r1": 39,
    "n_r2": 0,
    "base_mean_delta": 0.09828477108100445,
    "inst_mean_delta": 0.10040611416324245,
    "mean_shift": 0.0021213430822379985,
    "wilcoxon_p": 0.6045658352995815
  },
  "medical": {
    "n": 25,
    "n_r1": 25,
    "n_r2": 0,
    "base_mean_delta": 0.10604567778854924,
    "inst_mean_delta": 0.1070659240284232,
    "mean_shift": 0.0010202462398739608,
    "wilcoxon_p": 0.7711594104766846
  }
}