{
  "r1_base_mean_delta": 0.10131637526363914,
  "r1_inst_mean_delta": 0.10300760239182868,
  "r1_shift": 0.0016912271281895458,
  "r1_base_win_rate": 0.890625,
  "r1_inst_win_rate": 0.859375,
  "r1_wilcoxon_p": 0.5561964561941721,
  "r2_base_mean_delta": -0.010046548770163316,
  "r2_inst_mean_delta": -0.01120180370728418,
  "r2_shift": -0.001155254937120865,
  "r2_base_win_rate": 0.4117647058823529,
  "r2_inst_win_rate": 0.4117647058823529,
  "r2_wilcoxon_p": 0.20868658612016588,
  "r2_base_false_conf": 0.39054231035398723,
  "r2_inst_false_conf": 0.4145746362984452,
  "n_r1": 64,
  "n_r2": 34
}