{
  "baseline_min_conf": 0.2808988764044944,
  "top_gap": 0.14606741573033707,
  "local_drop": 0.3146067415730337,
  "entropy_max": 0.10112359550561797,
  "entropy_spike": 0.1348314606741573,
  "n_items": 89
}